MomentoHu1,MomentoHu2,MomentoHu3,MomentoHu4,MomentoHu5,MomentoHu6,MomentoHu7,Etiqueta
0.0007865962417135562,1.3119809303707477e-07,3.780216467081287e-15,5.5548211237117755e-14,7.853554357875002e-28,2.0065218907085058e-17,-1.7647966701549225e-28,uno
0.000786279639582833,1.3317625585563322e-07,5.900155795388552e-15,1.480599587132585e-14,1.0155033702151864e-28,4.8936332423143965e-18,-9.400990895165688e-29,uno
0.000773321995558254,1.294662685038196e-07,1.236186100855787e-15,5.367898825734473e-15,-1.3298480594725086e-29,-1.8471353414421705e-18,3.788713082258647e-30,uno
0.0007933703153709656,1.3790109314877152e-07,4.223769553536154e-13,5.711595493469192e-13,2.696926577141198e-25,2.077946601962643e-16,-7.723647758830884e-26,uno
0.000778738533075387,1.3113109378301013e-07,1.8897652770240248e-14,6.820162832938217e-14,2.2930643086111935e-27,2.2416852768737222e-17,-8.584265984269717e-28,uno
0.0007712149022023884,1.3026985114579518e-07,1.7732306633721657e-14,4.255917592939299e-14,7.935136720419581e-29,-1.2182247137664298e-18,-1.1664599935235528e-27,uno
0.0007926761654476119,1.3473320936500146e-07,6.660273917056622e-14,1.791088038261799e-13,1.9540614110189677e-26,6.555381690913272e-17,-9.223227461044731e-28,uno
0.0007986538103810592,1.365702331128497e-07,6.873687906400393e-14,3.056464654359358e-14,-7.153966059931172e-28,-2.4281180918570903e-19,1.204525082332552e-27,uno
0.000778738533075387,1.3113109378301013e-07,1.8897652770240248e-14,6.820162832938217e-14,2.2930643086111935e-27,2.2416852768737222e-17,-8.584265984269717e-28,uno
0.000786279639582833,1.3317625585563322e-07,5.900155795388552e-15,1.480599587132585e-14,1.0155033702151864e-28,4.8936332423143965e-18,-9.400990895165688e-29,uno
0.0007767964442904696,1.3008917070572133e-07,2.512398592437259e-16,2.3971898486486464e-15,1.6688108032611305e-30,6.653702024597996e-19,-8.22207112507565e-31,uno
0.0007937966285586485,1.373537566396645e-07,2.4040250215892913e-14,3.8226758981005215e-14,2.3924005677446868e-28,3.805141451543876e-18,1.1338682559166242e-27,uno
0.0007986538103810592,1.365702331128497e-07,6.873687906400393e-14,3.056464654359358e-14,-7.153966059931172e-28,-2.4281180918570903e-19,1.204525082332552e-27,uno
0.0006804969204961237,5.673343841902117e-09,3.3262579448742778e-15,1.5569428359298367e-14,2.7869790163747845e-29,-7.60859988014579e-19,-1.0852206158810165e-28,uno
0.0007767964442904696,1.3008917070572133e-07,2.512398592437259e-16,2.3971898486486464e-15,1.6688108032611305e-30,6.653702024597996e-19,-8.22207112507565e-31,uno
0.0007808858615428872,1.26332990501237e-07,2.9004827497240226e-13,5.24545113841981e-13,2.0433485043601073e-25,1.740862348629243e-16,1.0447878776836136e-26,uno
0.0007712149022023884,1.3026985114579518e-07,1.7732306633721657e-14,4.255917592939299e-14,7.935136720419581e-29,-1.2182247137664298e-18,-1.1664599935235528e-27,uno
0.0007926761654476119,1.3473320936500146e-07,6.660273917056622e-14,1.791088038261799e-13,1.9540614110189677e-26,6.555381690913272e-17,-9.223227461044731e-28,uno
0.000773321995558254,1.294662685038196e-07,1.236186100855787e-15,5.367898825734473e-15,-1.3298480594725086e-29,-1.8471353414421705e-18,3.788713082258647e-30,uno
0.0007808858615428872,1.26332990501237e-07,2.9004827497240226e-13,5.24545113841981e-13,2.0433485043601073e-25,1.740862348629243e-16,1.0447878776836136e-26,uno
0.0007865962417135562,1.3119809303707477e-07,3.780216467081287e-15,5.5548211237117755e-14,7.853554357875002e-28,2.0065218907085058e-17,-1.7647966701549225e-28,uno
0.0007554513314863777,7.188764225536128e-08,7.270549148066644e-14,3.619348636819228e-13,5.81498468274687e-26,9.592470742166096e-17,8.107511149076269e-27,uno
0.0007652213911634016,5.659196635824866e-08,3.9717327839670044e-13,4.007854799106481e-13,1.4209792787807997e-25,9.26604599620375e-17,-7.333013938724228e-26,dos
0.0007500867716584902,5.447161063571734e-08,4.0588398600398714e-14,1.1073886687810481e-13,7.410619610512581e-27,2.5811696808905505e-17,-4.49243996747436e-28,dos
0.0007396365412706283,5.096273333517959e-08,2.214228787786747e-13,2.266514120891508e-13,4.573047592849773e-26,4.852269466561558e-17,-2.206381259190638e-26,dos
0.0007379889230739586,4.262791032188912e-08,1.3868605732006749e-13,1.124486435631917e-13,1.0981291729601805e-26,2.2838843337367192e-17,-8.752487354424473e-27,dos
0.0007652213911634016,5.659196635824866e-08,3.9717327839670044e-13,4.007854799106481e-13,1.4209792787807997e-25,9.26604599620375e-17,-7.333013938724228e-26,dos
0.00071287408810634,2.550409844896091e-09,3.4563463559464824e-13,1.4503024336816414e-13,3.1148931283404305e-26,6.94108114361334e-18,-9.171365283135317e-27,dos
0.000695225572088635,5.863392079567214e-09,1.861697176415402e-14,5.844600955471558e-14,-1.4194546477294691e-27,1.3372879151598145e-18,-1.3046020531988863e-27,dos
0.0007193164942601451,4.2258034515702745e-09,1.3086474195487056e-15,1.877656650906351e-13,-2.861588758491539e-27,-8.572333933781337e-18,-6.887432000633614e-28,dos
0.0007394512475583461,4.111693803855135e-08,1.2220084358085235e-13,1.2141726634485674e-13,1.1537208026651829e-26,1.9784940609902033e-17,9.253456585680358e-27,dos
0.0007193164942601451,4.2258034515702745e-09,1.3086474195487056e-15,1.877656650906351e-13,-2.861588758491539e-27,-8.572333933781337e-18,-6.887432000633614e-28,dos
0.0007205773148257963,6.075699002475465e-09,3.492585691334868e-13,1.3191489021296796e-13,2.779598016599807e-26,9.831283585347324e-18,-5.395759346109446e-27,dos
0.0007535743424424539,5.410957607407845e-08,1.3859337327939071e-13,4.2024426266401377e-13,9.929262089203826e-26,9.401050591852477e-17,-2.066414293637037e-26,dos
0.0007396365412706283,5.096273333517959e-08,2.214228787786747e-13,2.266514120891508e-13,4.573047592849773e-26,4.852269466561558e-17,-2.206381259190638e-26,dos
0.0007394512475583461,4.111693803855135e-08,1.2220084358085235e-13,1.2141726634485674e-13,1.1537208026651829e-26,1.9784940609902033e-17,9.253456585680358e-27,dos
0.0007463333492035999,7.036636348912437e-08,8.445211180865146e-14,2.8738464455273544e-14,1.4110647351365933e-27,5.972415621866593e-18,1.1564532954604103e-28,dos
0.0008306860245101668,1.6902532954162711e-07,1.983007126636426e-12,3.8279000834447365e-13,2.916262350538981e-25,2.1450159433063612e-17,-1.6180256893517683e-25,dos
0.0007205773148257963,6.075699002475465e-09,3.492585691334868e-13,1.3191489021296796e-13,2.779598016599807e-26,9.831283585347324e-18,-5.395759346109446e-27,dos
0.0007379889230739586,4.262791032188912e-08,1.3868605732006749e-13,1.124486435631917e-13,1.0981291729601805e-26,2.2838843337367192e-17,-8.752487354424473e-27,dos
0.0007500867716584902,5.447161063571734e-08,4.0588398600398714e-14,1.1073886687810481e-13,7.410619610512581e-27,2.5811696808905505e-17,-4.49243996747436e-28,dos
0.00071287408810634,2.550409844896091e-09,3.4563463559464824e-13,1.4503024336816414e-13,3.1148931283404305e-26,6.94108114361334e-18,-9.171365283135317e-27,dos
0.0007535743424424539,5.410957607407845e-08,1.3859337327939071e-13,4.2024426266401377e-13,9.929262089203826e-26,9.401050591852477e-17,-2.066414293637037e-26,dos
0.00074258336481595,5.5711656807200514e-08,3.8479728639156327e-13,3.009488988013432e-13,9.071855430484716e-26,6.199601221077925e-17,-4.752440308130509e-26,dos
0.0007706329023732793,9.370795424094976e-08,1.6425009168939296e-13,1.7122224390881033e-13,2.428261048135126e-26,4.747129493290738e-17,-1.5324696108034744e-26,dos
0.00074258336481595,5.5711656807200514e-08,3.8479728639156327e-13,3.009488988013432e-13,9.071855430484716e-26,6.199601221077925e-17,-4.752440308130509e-26,dos
0.00075853029370126,5.024216242289569e-08,2.942257043450435e-14,2.0584417723717504e-13,-1.416099837596498e-27,-1.1724274751570072e-17,1.595675812455464e-26,tres
0.0007269140844859985,5.893205596397222e-09,2.4723298983366287e-14,8.310958530917122e-14,3.7203589212922396e-27,4.629645666297723e-18,-5.928387054001853e-28,tres
0.0007034068604493664,5.650094567721706e-09,5.281008787681348e-16,7.758787246118436e-15,1.0234364927183824e-29,2.434754890855117e-19,1.1912917358980919e-29,tres
0.0007165941403672084,1.458365845279991e-09,9.016706139048284e-14,3.3510638547821666e-14,-8.397099427999557e-28,1.227447104541312e-18,-1.6395067144627463e-27,tres
0.0007034068604493664,5.650094567721706e-09,5.281008787681348e-16,7.758787246118436e-15,1.0234364927183824e-29,2.434754890855117e-19,1.1912917358980919e-29,tres
0.0007091622123631001,5.885777972985983e-09,1.690976582799571e-15,1.3807365494006194e-13,-1.4543163829324724e-27,-1.2223016541480925e-18,-1.5284278156453812e-27,tres
0.0007091622123631001,5.885777972985983e-09,1.690976582799571e-15,1.3807365494006194e-13,-1.4543163829324724e-27,-1.2223016541480925e-18,-1.5284278156453812e-27,tres
0.0007079260627985441,1.46555110515996e-08,3.4791339092213614e-15,1.9668560358961872e-14,9.009876291636868e-29,-1.0248439972968853e-18,-1.3547819561490858e-28,tres
0.0007086213064805746,1.0655310376106382e-08,4.0843691321427264e-13,3.613602216964203e-13,1.2779406907723588e-25,-7.792617004066429e-18,5.423586711042742e-26,tres
0.0007281209190463248,2.9989171147292103e-09,1.1109243116868572e-13,3.448123917451811e-15,6.736120573390461e-29,1.2709050563409827e-19,4.109481233902676e-30,tres
0.0007195076254444281,4.0491014828306e-09,2.014417436701752e-14,2.338555228147829e-13,1.724707345018002e-27,-1.479289521425549e-17,-1.5957849816425154e-26,tres
0.0007090051414879112,4.842256794583029e-09,1.3964755777711494e-15,3.6951243250973525e-15,-5.639873886048987e-30,-2.2267568013946934e-19,6.216770263349683e-30,tres
0.0007281209190463248,2.9989171147292103e-09,1.1109243116868572e-13,3.448123917451811e-15,6.736120573390461e-29,1.2709050563409827e-19,4.109481233902676e-30,tres
0.0007195076254444281,4.0491014828306e-09,2.014417436701752e-14,2.338555228147829e-13,1.724707345018002e-27,-1.479289521425549e-17,-1.5957849816425154e-26,tres
0.0007090100490868726,1.3178901856958326e-09,1.757484433568828e-13,4.931128380056439e-13,1.4322876245892679e-25,8.02841753860333e-18,2.3637216947641597e-26,tres
0.0007269140844859985,5.893205596397222e-09,2.4723298983366287e-14,8.310958530917122e-14,3.7203589212922396e-27,4.629645666297723e-18,-5.928387054001853e-28,tres
0.00075853029370126,5.024216242289569e-08,2.942257043450435e-14,2.0584417723717504e-13,-1.416099837596498e-27,-1.1724274751570072e-17,1.595675812455464e-26,tres
0.0007079260627985441,1.46555110515996e-08,3.4791339092213614e-15,1.9668560358961872e-14,9.009876291636868e-29,-1.0248439972968853e-18,-1.3547819561490858e-28,tres
0.0007126430457831225,2.3334192734512534e-09,5.2924700050349466e-14,1.39701088136541e-13,1.1399709852505211e-26,-6.675596126969331e-18,-3.787317178797232e-27,tres
0.0007090051414879112,4.842256794583029e-09,1.3964755777711494e-15,3.6951243250973525e-15,-5.639873886048987e-30,-2.2267568013946934e-19,6.216770263349683e-30,tres
0.0007430517343289891,8.340417670918702e-08,2.749393340442983e-14,5.3134681232376353e-14,1.074814698620389e-27,6.621722320097225e-18,1.7231574303694612e-27,tres
0.0007148876046023356,5.57738515477574e-11,3.881126678102932e-14,9.842534742602412e-14,5.9023342061421905e-27,6.155268580695627e-19,-1.4727553937588127e-27,tres
0.0007148876046023356,5.57738515477574e-11,3.881126678102932e-14,9.842534742602412e-14,5.9023342061421905e-27,6.155268580695627e-19,-1.4727553937588127e-27,tres
0.0007115968008486742,8.720323519148833e-09,2.0569306072635254e-14,5.4853392211750004e-14,-1.7114104880293706e-27,1.1818742510411651e-18,6.826408773592245e-28,cuatro
0.0007532674251707373,8.092818967015e-08,1.1568773251972606e-13,3.1750576458255745e-13,4.081125696784799e-26,5.614242476242804e-17,-4.5136933305895465e-26,cuatro
0.0007075444744872037,2.3520605103613553e-09,1.0188173695366816e-14,1.1370071512930772e-13,-3.705557031148094e-27,3.8488651399109894e-18,-1.1155741258161075e-27,cuatro
0.0006958392032184527,6.289820656048602e-09,3.5200536526760073e-15,1.3020023472678454e-14,2.5086937104418734e-29,-5.993850775437727e-19,8.449848381286548e-29,cuatro
0.0007579976538994869,5.303956550042552e-08,1.857098678339361e-13,7.047671311077458e-13,4.0420287507886264e-26,1.38116686810542e-16,-2.517438454590244e-25,cuatro
0.0007266544233084193,2.826439303267923e-09,1.7933324036193224e-13,1.1935306372593099e-13,-1.1163503013109328e-26,4.805755234620045e-18,-1.342680413281221e-26,cuatro
0.0007122207926048506,6.924201270927285e-10,1.1622783097441553e-13,3.820151717762024e-13,-8.032625703939199e-26,4.096969404555004e-18,5.2295968260433654e-27,cuatro
0.000740240807842828,1.3789603225548736e-08,2.708745971013711e-13,8.246472027263749e-13,-3.660959312760678e-25,3.026602282957066e-17,-1.33712534376348e-25,cuatro
0.0007532674251707373,8.092818967015e-08,1.1568773251972606e-13,3.1750576458255745e-13,4.081125696784799e-26,5.614242476242804e-17,-4.5136933305895465e-26,cuatro
0.0007133555174560759,7.14892353829396e-10,2.1077108396678217e-15,8.317192855666638e-14,8.822510299840685e-28,1.750576273086188e-18,-6.5901405166736455e-28,cuatro
0.000740240807842828,1.3789603225548736e-08,2.708745971013711e-13,8.246472027263749e-13,-3.660959312760678e-25,3.026602282957066e-17,-1.33712534376348e-25,cuatro
0.0007133555174560759,7.14892353829396e-10,2.1077108396678217e-15,8.317192855666638e-14,8.822510299840685e-28,1.750576273086188e-18,-6.5901405166736455e-28,cuatro
0.0007579976538994869,5.303956550042552e-08,1.857098678339361e-13,7.047671311077458e-13,4.0420287507886264e-26,1.38116686810542e-16,-2.517438454590244e-25,cuatro
0.0007115968008486742,8.720323519148833e-09,2.0569306072635254e-14,5.4853392211750004e-14,-1.7114104880293706e-27,1.1818742510411651e-18,6.826408773592245e-28,cuatro
0.0007457434969819772,4.700176675707988e-08,2.2705591549464868e-13,4.190485453431133e-13,8.275821591081581e-26,8.007003613206431e-17,-9.929315323427261e-26,cuatro
0.0007457434969819772,4.700176675707988e-08,2.2705591549464868e-13,4.190485453431133e-13,8.275821591081581e-26,8.007003613206431e-17,-9.929315323427261e-26,cuatro
0.0007075444744872037,2.3520605103613553e-09,1.0188173695366816e-14,1.1370071512930772e-13,-3.705557031148094e-27,3.8488651399109894e-18,-1.1155741258161075e-27,cuatro
0.0007055922764053575,2.6024798782540936e-09,3.174508109053475e-14,2.202004610870996e-13,-1.6627590219454167e-26,-3.0490778658740806e-19,7.903778313165322e-27,cuatro
0.0007122207926048506,6.924201270927285e-10,1.1622783097441553e-13,3.820151717762024e-13,-8.032625703939199e-26,4.096969404555004e-18,5.2295968260433654e-27,cuatro
0.0007266544233084193,2.826439303267923e-09,1.7933324036193224e-13,1.1935306372593099e-13,-1.1163503013109328e-26,4.805755234620045e-18,-1.342680413281221e-26,cuatro
0.0007055922764053575,2.6024798782540936e-09,3.174508109053475e-14,2.202004610870996e-13,-1.6627590219454167e-26,-3.0490778658740806e-19,7.903778313165322e-27,cuatro
0.000745714167600196,8.354528174323088e-08,2.111513899930028e-14,6.948010595837053e-14,2.551347598368485e-27,1.8251618404219967e-17,7.569296014588709e-28,cinco
0.0007571820460098211,8.486407843044489e-08,3.920592398335794e-13,1.6767509102457374e-13,3.827119724804283e-26,2.530747697475727e-17,-1.9584461277634906e-26,cinco
0.0007018314630476414,5.754240265523249e-09,5.792844475892209e-15,6.3502053683978885e-15,3.7952638532106563e-29,1.205200787158554e-19,-6.556421465175139e-30,cinco
0.0007174883605565129,2.2855873977165486e-08,5.464580832829293e-13,5.092547908449991e-14,-4.591802854016707e-27,-3.170857293958999e-18,-7.147465545639803e-27,cinco
0.0007352982864268049,5.4344787182037065e-08,2.4467208317210435e-13,1.2331866214654342e-13,1.2162403486988311e-26,1.5941857127979118e-17,-1.763309513641162e-26,cinco
0.000722223214753724,8.024839177085357e-09,1.7478459996792574e-13,2.2344204453805475e-13,3.42704023711743e-26,1.083210524850181e-17,-2.784554702652818e-26,cinco
0.0007393836071590454,5.676095261631938e-09,2.588178563800411e-13,1.7625672509190883e-13,3.063309243611291e-26,1.325898395090357e-17,2.1881824447093488e-26,cinco
0.0007774197607417993,7.592668508659236e-08,2.5184873790705394e-12,5.299831498942753e-13,1.9500272091812548e-25,2.9444314510945636e-17,-5.804162506615601e-25,cinco
0.0007097203087096206,2.487792627072165e-09,4.185341950165287e-13,1.8165997933685392e-13,4.2133408355323455e-26,2.0286613384951365e-18,-2.708915839180586e-26,cinco
0.0007174883605565129,2.2855873977165486e-08,5.464580832829293e-13,5.092547908449991e-14,-4.591802854016707e-27,-3.170857293958999e-18,-7.147465545639803e-27,cinco
0.0007571820460098211,8.486407843044489e-08,3.920592398335794e-13,1.6767509102457374e-13,3.827119724804283e-26,2.530747697475727e-17,-1.9584461277634906e-26,cinco
0.0007285065337574747,2.970917389280897e-08,9.568662316962678e-14,1.517165540581883e-13,1.29703401483499e-26,3.109827235372067e-18,-1.2881263506519982e-26,cinco
0.0007282545440236571,2.123610773926346e-08,5.824632514822359e-13,3.853085491175156e-14,1.5165519394462335e-27,1.5744499404705282e-18,-5.569493923294267e-27,cinco
0.0008626126340902211,2.38959873995551e-07,2.770984930310372e-12,3.3627933621286746e-13,1.429198583680476e-25,-4.097513548011489e-17,-2.9145877149223827e-25,cinco
0.0007393836071590454,5.676095261631938e-09,2.588178563800411e-13,1.7625672509190883e-13,3.063309243611291e-26,1.325898395090357e-17,2.1881824447093488e-26,cinco
0.0007774197607417993,7.592668508659236e-08,2.5184873790705394e-12,5.299831498942753e-13,1.9500272091812548e-25,2.9444314510945636e-17,-5.804162506615601e-25,cinco
0.0007097203087096206,2.487792627072165e-09,4.185341950165287e-13,1.8165997933685392e-13,4.2133408355323455e-26,2.0286613384951365e-18,-2.708915839180586e-26,cinco
0.000722223214753724,8.024839177085357e-09,1.7478459996792574e-13,2.2344204453805475e-13,3.42704023711743e-26,1.083210524850181e-17,-2.784554702652818e-26,cinco
0.0007285065337574747,2.970917389280897e-08,9.568662316962678e-14,1.517165540581883e-13,1.29703401483499e-26,3.109827235372067e-18,-1.2881263506519982e-26,cinco
0.0007352982864268049,5.4344787182037065e-08,2.4467208317210435e-13,1.2331866214654342e-13,1.2162403486988311e-26,1.5941857127979118e-17,-1.763309513641162e-26,cinco
0.0007135225155995915,2.4643999466614763e-08,2.5952097250776524e-13,2.0626776504192936e-13,4.761122404206142e-26,2.096729810545483e-17,3.2732482564293855e-27,cinco
0.0007135225155995915,2.4643999466614763e-08,2.5952097250776524e-13,2.0626776504192936e-13,4.761122404206142e-26,2.096729810545483e-17,3.2732482564293855e-27,cinco
0.0007282545440236571,2.123610773926346e-08,5.824632514822359e-13,3.853085491175156e-14,1.5165519394462335e-27,1.5744499404705282e-18,-5.569493923294267e-27,cinco
0.0007318938067732329,2.512979143034885e-08,4.5066059086326715e-14,1.6999813727283325e-14,9.967599658438383e-29,1.9927058809388498e-18,4.5985537506622635e-28,seis
0.0007419582037659065,1.8460008375437554e-08,1.0788179850352566e-13,8.157391931648565e-14,5.792048218123352e-27,1.0765779968864128e-17,5.001232383333648e-27,seis
0.0007263293091755985,1.3751348100681091e-08,4.2211753551577336e-13,3.784099380742408e-13,4.781166076624094e-26,1.560248570482131e-17,-1.434814714226029e-25,seis
0.0007354876159329866,1.563465890134907e-08,1.6858752012780206e-13,3.240264958903076e-13,4.1434516306261584e-26,1.1349309429176466e-17,-6.339261957171527e-26,seis
0.0008114440712339473,1.1211088871516853e-07,1.1541926330592743e-12,5.898200774662521e-13,3.70133128848246e-25,7.683196888867765e-17,-3.1596138530985334e-25,seis
0.0007263293091755985,1.3751348100681091e-08,4.2211753551577336e-13,3.784099380742408e-13,4.781166076624094e-26,1.560248570482131e-17,-1.434814714226029e-25,seis
0.0007400457045460822,1.5927710146079857e-08,1.0595687114126804e-13,7.399432420640381e-14,6.452193232046077e-27,3.8960293392775294e-18,-1.138240212569504e-27,seis
0.0007419582037659065,1.8460008375437554e-08,1.0788179850352566e-13,8.157391931648565e-14,5.792048218123352e-27,1.0765779968864128e-17,5.001232383333648e-27,seis
0.000727506514072959,1.4142005082365664e-08,3.4678510449590644e-13,3.9567039900508186e-13,-1.1919410767681044e-25,-3.7946775743660717e-17,-8.528828913080705e-26,seis
0.0007406852727402532,1.8132333135504377e-08,5.385872317902201e-13,4.095800747327728e-13,1.176644740975152e-25,3.782483413625889e-17,-1.5218772356984337e-25,seis
0.0008114440712339473,1.1211088871516853e-07,1.1541926330592743e-12,5.898200774662521e-13,3.70133128848246e-25,7.683196888867765e-17,-3.1596138530985334e-25,seis
0.0007621247880860427,7.27136258545362e-08,1.837008302062945e-12,2.385943521709129e-13,-1.0965331991125586e-25,-2.1369729848424557e-17,-1.1369854253869536e-25,seis
0.0008002054257102428,9.747887572763233e-08,5.796921940703325e-13,5.845354684950504e-13,3.349804851551268e-25,1.522818711275531e-16,-5.972557930273063e-26,seis
0.0007348823197909305,6.281269272024693e-08,3.684806971995038e-15,4.7349060990304215e-15,-8.304981187453333e-30,-2.125121132324737e-19,-1.7949436171531713e-29,seis
0.0007433522950841755,1.902381900232826e-08,3.9384715555200977e-13,3.0849901890140585e-13,3.6228322030175867e-26,1.4055652077693934e-17,-1.0124723484274278e-25,seis
0.0007433522950841755,1.902381900232826e-08,3.9384715555200977e-13,3.0849901890140585e-13,3.6228322030175867e-26,1.4055652077693934e-17,-1.0124723484274278e-25,seis
0.000727506514072959,1.4142005082365664e-08,3.4678510449590644e-13,3.9567039900508186e-13,-1.1919410767681044e-25,-3.7946775743660717e-17,-8.528828913080705e-26,seis
0.0007498030114654111,2.6626016719394146e-08,2.150520019794442e-13,1.3884299652081878e-13,3.264099663808392e-27,-4.022096599828955e-18,-2.3768435958933103e-26,seis
0.0007354876159329866,1.563465890134907e-08,1.6858752012780206e-13,3.240264958903076e-13,4.1434516306261584e-26,1.1349309429176466e-17,-6.339261957171527e-26,seis
0.0007318938067732329,2.512979143034885e-08,4.5066059086326715e-14,1.6999813727283325e-14,9.967599658438383e-29,1.9927058809388498e-18,4.5985537506622635e-28,seis
0.0007498030114654111,2.6626016719394146e-08,2.150520019794442e-13,1.3884299652081878e-13,3.264099663808392e-27,-4.022096599828955e-18,-2.3768435958933103e-26,seis
0.0008002054257102428,9.747887572763233e-08,5.796921940703325e-13,5.845354684950504e-13,3.349804851551268e-25,1.522818711275531e-16,-5.972557930273063e-26,seis
0.0006983106837860028,1.3531524630245193e-09,4.7259594761673416e-14,2.176365712266462e-13,5.371942743782587e-27,-5.882181508041263e-18,2.1408361269953067e-26,siete
0.0007936710711943476,1.375996903427962e-07,3.5061768732094463e-14,2.431063331474101e-13,6.230927351082858e-27,-5.45523387456157e-18,-2.156233606605748e-26,siete
0.0007014173451915376,1.5377316111756017e-09,1.0750205762126257e-14,1.5463262170186595e-13,-3.185695675013844e-27,-2.723328185770824e-18,5.440568650796799e-27,siete
0.0007415766274411746,7.771186795843053e-08,6.256247359584737e-14,1.3417229514634124e-13,-5.5809158654666276e-27,3.339899545241494e-18,-1.0952926435509095e-26,siete
0.0008348370824109431,1.9463043437791667e-07,1.3890246686957442e-13,2.9681552234470316e-13,9.220301390113742e-27,-5.0654804784116706e-17,-5.955825981117061e-26,siete
0.0007103057019935365,1.5442655789043238e-09,6.939090566299497e-14,3.641623637093458e-14,-1.7576253351105766e-27,1.0707562328028098e-18,-5.117185266742145e-28,siete
0.0007103057019935365,1.5442655789043238e-09,6.939090566299497e-14,3.641623637093458e-14,-1.7576253351105766e-27,1.0707562328028098e-18,-5.117185266742145e-28,siete
0.0007072054463495477,1.5259882571963051e-09,4.676729028407548e-14,8.655432973428894e-14,4.502884770300414e-27,-1.0057573253840845e-19,-3.170106109186644e-27,siete
0.0006983106837860028,1.3531524630245193e-09,4.7259594761673416e-14,2.176365712266462e-13,5.371942743782587e-27,-5.882181508041263e-18,2.1408361269953067e-26,siete
0.0007936710711943476,1.375996903427962e-07,3.5061768732094463e-14,2.431063331474101e-13,6.230927351082858e-27,-5.45523387456157e-18,-2.156233606605748e-26,siete
0.0007913593376195785,8.789231980569195e-08,2.512340607116155e-14,4.261722890779875e-13,4.2204376403367457e-26,-1.0501269902197274e-16,-1.2783109490009997e-26,siete
0.0007069478220677072,2.274098460874988e-08,2.637987880338484e-14,8.866906454496109e-14,-3.315477144007927e-29,-3.3634033706462222e-18,4.28826492830643e-27,siete
0.0007069478220677072,2.274098460874988e-08,2.637987880338484e-14,8.866906454496109e-14,-3.315477144007927e-29,-3.3634033706462222e-18,4.28826492830643e-27,siete
0.0007408074110900222,7.688375696343349e-08,1.2399849788902674e-13,1.4252590046771942e-13,6.179390070110574e-27,3.2792802768186145e-17,-1.791139058463301e-26,siete
0.0007415766274411746,7.771186795843053e-08,6.256247359584737e-14,1.3417229514634124e-13,-5.5809158654666276e-27,3.339899545241494e-18,-1.0952926435509095e-26,siete
0.0007014173451915376,1.5377316111756017e-09,1.0750205762126257e-14,1.5463262170186595e-13,-3.185695675013844e-27,-2.723328185770824e-18,5.440568650796799e-27,siete
0.0008348370824109431,1.9463043437791667e-07,1.3890246686957442e-13,2.9681552234470316e-13,9.220301390113742e-27,-5.0654804784116706e-17,-5.955825981117061e-26,siete
0.0007082312113821055,2.9241238493919493e-08,4.661308986701418e-13,5.0557007515781485e-14,7.511534879097994e-27,-8.341277389824695e-18,1.9525029667102835e-27,siete
0.0007060045615674195,1.8681946228424914e-09,1.03822813782861e-14,2.320032307647026e-13,-8.911512647312866e-27,-5.403450115625213e-18,-7.087711225375777e-27,siete
0.0007408074110900222,7.688375696343349e-08,1.2399849788902674e-13,1.4252590046771942e-13,6.179390070110574e-27,3.2792802768186145e-17,-1.791139058463301e-26,siete
0.0007072054463495477,1.5259882571963051e-09,4.676729028407548e-14,8.655432973428894e-14,4.502884770300414e-27,-1.0057573253840845e-19,-3.170106109186644e-27,siete
0.0007060045615674195,1.8681946228424914e-09,1.03822813782861e-14,2.320032307647026e-13,-8.911512647312866e-27,-5.403450115625213e-18,-7.087711225375777e-27,siete
0.0007837118517072241,4.6548490348850776e-08,5.72972802321976e-14,2.1411747174513103e-13,2.1356879913671887e-26,4.580854184035871e-17,1.0312224654887485e-26,ocho
0.0007755966585913215,4.624282761578469e-08,2.983677537904913e-14,1.690802737445668e-13,-1.5733597493879824e-27,1.4474044619312466e-17,1.1905724367137658e-26,ocho
0.0008054208760529418,9.12089775278316e-08,1.0130028893631224e-14,3.00438364431993e-13,1.6104849477557694e-26,9.064603197643332e-17,3.9173116065509764e-27,ocho
0.0007789773513232311,4.2411973726354195e-08,9.450009035237385e-14,3.5228619441486987e-13,5.736874471082003e-26,6.760855162910528e-17,-2.899025701623935e-26,ocho
0.0007633156270451334,3.489649276517002e-08,9.23256091531105e-14,3.0826765892478796e-14,-3.0825925075583272e-28,1.6558825289784044e-20,1.6154241267901553e-27,ocho
0.0007781524139092136,4.0347400753687944e-08,4.3316348739182345e-14,5.812728384979473e-14,5.0885340454512755e-28,8.293227174864177e-18,2.8719978763689783e-27,ocho
0.0007630979472312438,4.19390321746708e-08,3.107244246387431e-13,1.76363174554525e-13,-3.7827740870926033e-26,6.809725055958865e-19,1.6539960716767143e-26,ocho
0.0007755966585913215,4.624282761578469e-08,2.983677537904913e-14,1.690802737445668e-13,-1.5733597493879824e-27,1.4474044619312466e-17,1.1905724367137658e-26,ocho
0.0007799779698364024,4.706794239251113e-08,1.249352756277564e-14,1.4354680145811161e-13,-9.58836178681138e-28,-1.1417111704781375e-17,6.002915061860252e-27,ocho
0.0007781524139092136,4.0347400753687944e-08,4.3316348739182345e-14,5.812728384979473e-14,5.0885340454512755e-28,8.293227174864177e-18,2.8719978763689783e-27,ocho
0.0007799779698364024,4.706794239251113e-08,1.249352756277564e-14,1.4354680145811161e-13,-9.58836178681138e-28,-1.1417111704781375e-17,6.002915061860252e-27,ocho
0.0007837118517072241,4.6548490348850776e-08,5.72972802321976e-14,2.1411747174513103e-13,2.1356879913671887e-26,4.580854184035871e-17,1.0312224654887485e-26,ocho
0.0007633156270451334,3.489649276517002e-08,9.23256091531105e-14,3.0826765892478796e-14,-3.0825925075583272e-28,1.6558825289784044e-20,1.6154241267901553e-27,ocho
0.0008054208760529418,9.12089775278316e-08,1.0130028893631224e-14,3.00438364431993e-13,1.6104849477557694e-26,9.064603197643332e-17,3.9173116065509764e-27,ocho
0.0007824710510964683,4.432937608926815e-08,3.4890605679926884e-14,1.5001993265766403e-13,-8.842913087075475e-27,2.2976799790518396e-17,-6.29330058563937e-27,ocho
0.0007789773513232311,4.2411973726354195e-08,9.450009035237385e-14,3.5228619441486987e-13,5.736874471082003e-26,6.760855162910528e-17,-2.899025701623935e-26,ocho
0.000790062773149396,4.4932849468724545e-08,2.32594916933673e-13,6.879796855186092e-14,-8.444442330399691e-27,-1.693012588400173e-18,2.1051606028550057e-27,ocho
0.000768174393907729,8.911541520974944e-08,4.735233774454041e-14,6.69530674446596e-14,3.5565092818416344e-27,1.7591433003912283e-17,1.2502660673368221e-27,ocho
0.0007630979472312438,4.19390321746708e-08,3.107244246387431e-13,1.76363174554525e-13,-3.7827740870926033e-26,6.809725055958865e-19,1.6539960716767143e-26,ocho
0.0007824710510964683,4.432937608926815e-08,3.4890605679926884e-14,1.5001993265766403e-13,-8.842913087075475e-27,2.2976799790518396e-17,-6.29330058563937e-27,ocho
0.000790062773149396,4.4932849468724545e-08,2.32594916933673e-13,6.879796855186092e-14,-8.444442330399691e-27,-1.693012588400173e-18,2.1051606028550057e-27,ocho
0.0007974007119050134,1.0409397280310094e-07,7.391560353108244e-13,1.6155362412871098e-12,1.4105284257770424e-24,4.508701978425351e-16,-1.0616245588990633e-24,nueve
0.0007950725075043189,9.90387783588267e-08,4.933697788935753e-13,1.0671174604533647e-12,7.578209743046903e-25,3.3013186647695283e-16,-1.588553636363115e-25,nueve
0.0007950271227617181,9.924006106287793e-08,3.8399251252126925e-13,7.822678720977538e-13,4.036290655983251e-25,2.3955357552137727e-16,1.4457553753620557e-25,nueve
0.0007830269717683044,9.549600541620118e-08,4.2781414818433557e-13,1.2676860865826256e-12,9.1602432184774e-25,3.7737714481690307e-16,-1.801261845739862e-25,nueve
0.0007956423871327583,1.0091457339087594e-07,4.760820776103141e-13,7.417094223931004e-13,3.9984813724442844e-25,2.2918335315708174e-16,-1.8542220483745495e-25,nueve
0.0007950725075043189,9.90387783588267e-08,4.933697788935753e-13,1.0671174604533647e-12,7.578209743046903e-25,3.3013186647695283e-16,-1.588553636363115e-25,nueve
0.0007830269717683044,9.549600541620118e-08,4.2781414818433557e-13,1.2676860865826256e-12,9.1602432184774e-25,3.7737714481690307e-16,-1.801261845739862e-25,nueve
0.0007974007119050134,1.0409397280310094e-07,7.391560353108244e-13,1.6155362412871098e-12,1.4105284257770424e-24,4.508701978425351e-16,-1.0616245588990633e-24,nueve
0.0007826193620672423,9.863980693978879e-08,4.5271997487594325e-13,1.1551775901190973e-12,8.185937830714241e-25,3.3250675427011803e-16,-1.666627042130137e-25,nueve
0.0010639674083631407,6.337404421658958e-07,1.4472774518744591e-11,8.368709620759029e-12,9.022902568529328e-23,6.593187720995591e-15,-1.847403060115733e-23,nueve
0.0008071878708219092,1.1110881773182967e-07,1.3215411471663091e-12,1.142621109687336e-12,1.0785546160245773e-24,3.4706434472732596e-16,-8.98986897901204e-25,nueve
0.0008071878708219092,1.1110881773182967e-07,1.3215411471663091e-12,1.142621109687336e-12,1.0785546160245773e-24,3.4706434472732596e-16,-8.98986897901204e-25,nueve
0.0007978132588217089,1.0182716287783539e-07,6.502011873189031e-13,9.269796184303136e-13,6.5745319578825705e-25,2.787477970215545e-16,-2.9269452790618e-25,nueve
0.0007826282556456367,9.439351362072391e-08,3.329736192450075e-13,1.1183036070562019e-12,3.522849815042389e-25,3.00936277225929e-16,-5.844457303961183e-25,nueve
0.0007826193620672423,9.863980693978879e-08,4.5271997487594325e-13,1.1551775901190973e-12,8.185937830714241e-25,3.3250675427011803e-16,-1.666627042130137e-25,nueve
0.0007956423871327583,1.0091457339087594e-07,4.760820776103141e-13,7.417094223931004e-13,3.9984813724442844e-25,2.2918335315708174e-16,-1.8542220483745495e-25,nueve
0.0007950271227617181,9.924006106287793e-08,3.8399251252126925e-13,7.822678720977538e-13,4.036290655983251e-25,2.3955357552137727e-16,1.4457553753620557e-25,nueve
0.0007978132588217089,1.0182716287783539e-07,6.502011873189031e-13,9.269796184303136e-13,6.5745319578825705e-25,2.787477970215545e-16,-2.9269452790618e-25,nueve
0.0007826282556456367,9.439351362072391e-08,3.329736192450075e-13,1.1183036070562019e-12,3.522849815042389e-25,3.00936277225929e-16,-5.844457303961183e-25,nueve
0.0007921863824908703,1.0235188365149257e-07,4.370007293146456e-13,9.401028868809753e-13,5.101626432805427e-25,2.448338600404535e-16,-3.206541571919069e-25,nueve
0.0007921863824908703,1.0235188365149257e-07,4.370007293146456e-13,9.401028868809753e-13,5.101626432805427e-25,2.448338600404535e-16,-3.206541571919069e-25,nueve
0.0007600278684263169,8.212101421595389e-08,1.3752878867740764e-13,3.581778251920463e-13,2.350885564686793e-26,9.179320408782873e-17,-7.594034071976177e-26,nueve
0.0006912026152422355,5.283595687432296e-09,3.696466124216063e-15,2.2945466164275834e-15,3.024038329606138e-30,1.6654682262771471e-19,-5.959105809300073e-30,division
0.0006875934463575566,5.588396563157259e-09,1.3650315938407729e-14,2.3166852740767996e-14,-2.6878627293166658e-28,-8.122931165932871e-19,-3.1221492272138935e-28,division
0.0007102388735056316,2.875773023629409e-08,1.1568227112055185e-13,7.071673678987527e-14,6.37910720216286e-27,3.0944406413347797e-18,-4.6622376927976176e-28,division
0.0007083730889856835,2.810157613519649e-08,7.677894790441164e-14,1.3862541167751245e-14,-3.836947065771431e-29,-2.322220651440258e-18,4.506264847504668e-28,division
0.0007160778351079037,3.601845735172776e-08,2.761664307930423e-13,7.29663472300955e-14,9.776190570057889e-27,1.3076120383841277e-17,-3.422137256625838e-27,division
0.0006998986405246042,1.5135384256929967e-08,1.7738339078300558e-14,2.1242980030198352e-14,3.555805926372594e-28,1.6934739196134424e-18,-2.088196455563852e-28,division
0.0006998986405246042,1.5135384256929967e-08,1.7738339078300558e-14,2.1242980030198352e-14,3.555805926372594e-28,1.6934739196134424e-18,-2.088196455563852e-28,division
0.0006922685793962818,6.210554360081945e-09,1.2759483261181788e-13,1.78253629091591e-14,8.441248657406925e-28,1.2074608415425978e-18,1.006819680736971e-28,division
0.0007083730889856835,2.810157613519649e-08,7.677894790441164e-14,1.3862541167751245e-14,-3.836947065771431e-29,-2.322220651440258e-18,4.506264847504668e-28,division
0.0007868390828752619,6.625483139583369e-08,2.2213019188971737e-14,2.379013728218602e-13,7.926401055066502e-27,2.845896455641498e-17,-1.5370744481439843e-26,division
0.0007368115530170271,6.41577748521961e-08,5.329323643353966e-15,5.521223396753538e-15,1.9468339070364102e-29,-7.589434030550171e-19,2.275860398814637e-29,division
0.0007102388735056316,2.875773023629409e-08,1.1568227112055185e-13,7.071673678987527e-14,6.37910720216286e-27,3.0944406413347797e-18,-4.6622376927976176e-28,division
0.0006979022231335347,1.453166543471618e-08,9.020686165361233e-16,1.0918735474582542e-15,-1.0828224982059855e-30,1.994672880031654e-20,-4.1650049080070775e-32,division
0.0007361387626238416,6.441673404526434e-08,4.5298523558360666e-14,2.3332642320398754e-14,6.990069141273132e-28,5.7689695192488194e-18,-2.946136972992166e-28,division
0.0007837413107005687,1.2944077508811658e-07,4.1025230356030424e-14,2.129545290338241e-14,5.856019941381312e-28,3.073352360129531e-18,-2.3079807173360114e-28,division
0.000713551944763422,2.9076641891554502e-08,3.845684672929531e-14,1.6156629427516647e-14,1.3677954498006074e-28,1.571669093390813e-18,-3.787902609004549e-28,division
0.0006875934463575566,5.588396563157259e-09,1.3650315938407729e-14,2.3166852740767996e-14,-2.6878627293166658e-28,-8.122931165932871e-19,-3.1221492272138935e-28,division
0.0007160778351079037,3.601845735172776e-08,2.761664307930423e-13,7.29663472300955e-14,9.776190570057889e-27,1.3076120383841277e-17,-3.422137256625838e-27,division
0.0006922685793962818,6.210554360081945e-09,1.2759483261181788e-13,1.78253629091591e-14,8.441248657406925e-28,1.2074608415425978e-18,1.006819680736971e-28,division
0.0006912026152422355,5.283595687432296e-09,3.696466124216063e-15,2.2945466164275834e-15,3.024038329606138e-30,1.6654682262771471e-19,-5.959105809300073e-30,division
0.0006979022231335347,1.453166543471618e-08,9.020686165361233e-16,1.0918735474582542e-15,-1.0828224982059855e-30,1.994672880031654e-20,-4.1650049080070775e-32,division
0.0006778568854548728,4.411247880210921e-10,2.6344613403672765e-16,6.2104248647395666e-15,3.780815184425271e-30,-1.8891203369789143e-20,6.986363384140036e-30,resta
0.0007538453806454495,9.815377603660135e-08,4.3618310768998744e-16,6.248573059557982e-15,3.313597138893268e-30,6.954837809135064e-20,-9.769194891131853e-30,resta
0.0007567195557939545,9.721639147301593e-08,6.094598824841722e-17,5.869083558106039e-15,-3.4110496097244204e-30,1.7761832542058203e-18,8.282665684111047e-31,resta
0.0007953807833032007,1.6051364984341654e-07,1.083118070126377e-15,6.8475061348518975e-15,1.828679704513608e-29,2.6701515486197286e-18,-3.653466905029804e-30,resta
0.0007990175805952548,1.590506719991436e-07,4.63563034928828e-16,4.1963780464678415e-14,1.8271205976462663e-28,1.6655777472501284e-17,-2.952939333606294e-29,resta
0.0008011661379222717,1.595812267508876e-07,2.905190934885334e-16,2.1926440662541497e-14,3.002158157172313e-29,-5.633349491098214e-18,4.648898551260584e-29,resta
0.0006778568854548728,4.411247880210921e-10,2.6344613403672765e-16,6.2104248647395666e-15,3.780815184425271e-30,-1.8891203369789143e-20,6.986363384140036e-30,resta
0.0007567195557939545,9.721639147301593e-08,6.094598824841722e-17,5.869083558106039e-15,-3.4110496097244204e-30,1.7761832542058203e-18,8.282665684111047e-31,resta
0.0008011661379222717,1.595812267508876e-07,2.905190934885334e-16,2.1926440662541497e-14,3.002158157172313e-29,-5.633349491098214e-18,4.648898551260584e-29,resta
0.0006812298892255599,3.494819259936326e-10,5.145666794234391e-15,1.9973096128198587e-14,-6.756227611907131e-29,1.0914242350268754e-19,-1.908789421052947e-28,resta
0.0008947379203609964,3.263362016112291e-07,4.902802515611979e-15,1.9696111201068415e-14,8.486676732938121e-29,2.9997761318812914e-18,-1.7395169494632104e-28,resta
0.0007574866773855224,9.647575903094896e-08,3.202093340090381e-15,1.7629112471094393e-14,9.133351733126626e-29,-3.53047620163478e-18,9.592734686643537e-29,resta
0.0007990175805952548,1.590506719991436e-07,4.63563034928828e-16,4.1963780464678415e-14,1.8271205976462663e-28,1.6655777472501284e-17,-2.952939333606294e-29,resta
0.0006812298892255599,3.494819259936326e-10,5.145666794234391e-15,1.9973096128198587e-14,-6.756227611907131e-29,1.0914242350268754e-19,-1.908789421052947e-28,resta
0.0007538453806454495,9.815377603660135e-08,4.3618310768998744e-16,6.248573059557982e-15,3.313597138893268e-30,6.954837809135064e-20,-9.769194891131853e-30,resta
0.0007953807833032007,1.6051364984341654e-07,1.083118070126377e-15,6.8475061348518975e-15,1.828679704513608e-29,2.6701515486197286e-18,-3.653466905029804e-30,resta
0.000802191501030091,1.5631501626937626e-07,6.057361826169199e-15,8.293567488669326e-15,5.838300207126476e-29,-3.169474307334663e-18,6.84831037318777e-30,resta
0.0008014800971154114,1.606779330267941e-07,2.7366826019269273e-15,2.2010088966972826e-14,4.9622423706641137e-29,-8.513367737948247e-18,-1.6345617135699785e-28,resta
0.0007574866773855224,9.647575903094896e-08,3.202093340090381e-15,1.7629112471094393e-14,9.133351733126626e-29,-3.53047620163478e-18,9.592734686643537e-29,resta
0.0008014800971154114,1.606779330267941e-07,2.7366826019269273e-15,2.2010088966972826e-14,4.9622423706641137e-29,-8.513367737948247e-18,-1.6345617135699785e-28,resta
0.0007970618638876556,2.2122032174254712e-10,3.934032717395186e-13,4.46356909561975e-13,-1.8422614311849689e-25,-1.5502060092324931e-18,3.2341301820894305e-26,suma
0.0007220381948010781,7.487427525191423e-09,1.0627890274084129e-13,1.5718942318969864e-14,6.348541015578773e-28,1.3496665630607302e-18,-9.868498531084701e-29,suma
0.0007756445164199958,9.218513258715669e-08,3.3929464191419833e-14,5.636907861694902e-14,-6.7589760921220625e-28,-7.325075062020164e-18,2.370719379104676e-27,suma
0.0007164367440523612,8.164536250169273e-09,1.961726056959997e-14,4.234259776772667e-14,6.423988330135252e-28,2.8739846405445113e-18,-1.0375860832396952e-27,suma
0.0007156729159667546,8.008715606110546e-09,4.909144242517047e-15,3.6672669811539503e-14,4.577524519742752e-28,-1.9849233051340048e-18,-1.805109549955387e-28,suma
0.0007164729540307726,8.3486826157806e-09,1.721740998391427e-17,3.069873175823459e-14,-1.4746510658188577e-29,2.6324489484885977e-18,-1.675275659608096e-29,suma
0.0007194259040968032,7.923585140540893e-09,7.474775827640357e-14,2.1338969448418484e-14,5.65299905461481e-28,1.6197551103456008e-18,-6.377618047069201e-28,suma
0.0007220381948010781,7.487427525191423e-09,1.0627890274084129e-13,1.5718942318969864e-14,6.348541015578773e-28,1.3496665630607302e-18,-9.868498531084701e-29,suma
0.000716354644731452,8.027419375902891e-09,2.0756694054647475e-14,7.281125169175357e-15,8.730012250005257e-29,5.319698814457133e-19,1.9771786600346295e-29,suma
0.000716354644731452,8.027419375902891e-09,2.0756694054647475e-14,7.281125169175357e-15,8.730012250005257e-29,5.319698814457133e-19,1.9771786600346295e-29,suma
0.000815544750750039,8.67076173866586e-08,4.07248005052102e-13,3.969800467372714e-13,9.207562829846741e-26,9.519822905907469e-17,1.3038427507925687e-25,suma
0.0007170277429040259,8.167295178574629e-09,9.902300270528246e-15,9.95351731840733e-14,3.1004060860253155e-27,8.67955733004618e-18,3.9030449099441145e-28,suma
0.0007220381948010781,7.487427525191423e-09,1.0627890274084129e-13,1.5718942318969864e-14,6.348541015578773e-28,1.3496665630607302e-18,-9.868498531084701e-29,suma
0.0007220381948010781,7.487427525191423e-09,1.0627890274084129e-13,1.5718942318969864e-14,6.348541015578773e-28,1.3496665630607302e-18,-9.868498531084701e-29,suma
0.000756548188610232,4.779155728049077e-08,1.1081550100913795e-13,9.775260029205107e-14,-9.40476178950146e-27,-1.0382330732265246e-17,-3.8808773915231866e-27,suma
0.0007164729540307726,8.3486826157806e-09,1.721740998391427e-17,3.069873175823459e-14,-1.4746510658188577e-29,2.6324489484885977e-18,-1.675275659608096e-29,suma
0.0007170277429040259,8.167295178574629e-09,9.902300270528246e-15,9.95351731840733e-14,3.1004060860253155e-27,8.67955733004618e-18,3.9030449099441145e-28,suma
0.0007091023880581912,7.477442184950648e-09,2.256529450201063e-14,5.869825636768144e-14,1.8268789111827358e-27,4.734936438914328e-18,-1.1073429469848737e-27,suma
0.0007194259040968032,7.923585140540893e-09,7.474775827640357e-14,2.1338969448418484e-14,5.65299905461481e-28,1.6197551103456008e-18,-6.377618047069201e-28,suma
0.0007156729159667546,8.008715606110546e-09,4.909144242517047e-15,3.6672669811539503e-14,4.577524519742752e-28,-1.9849233051340048e-18,-1.805109549955387e-28,suma
0.0007091023880581912,7.477442184950648e-09,2.256529450201063e-14,5.869825636768144e-14,1.8268789111827358e-27,4.734936438914328e-18,-1.1073429469848737e-27,suma
0.0007164367440523612,8.164536250169273e-09,1.961726056959997e-14,4.234259776772667e-14,6.423988330135252e-28,2.8739846405445113e-18,-1.0375860832396952e-27,suma
0.000756548188610232,4.779155728049077e-08,1.1081550100913795e-13,9.775260029205107e-14,-9.40476178950146e-27,-1.0382330732265246e-17,-3.8808773915231866e-27,suma
0.0009348997598716387,4.4172848898967646e-10,6.841081921686173e-13,9.263024621665675e-15,-6.854240278639533e-28,-3.507545849140241e-20,-2.7188939005372287e-28,multiplicacion
0.000708790734336874,2.392164006775699e-08,1.6081885921204546e-15,1.0071112096373212e-14,-3.1544516608801386e-29,-1.274950321625357e-18,-2.544965846386572e-29,multiplicacion
0.0007572832595975687,3.0989291356038246e-08,2.4971162008639674e-13,8.39192365701549e-14,8.364552090032896e-27,5.3042819496990015e-18,-8.809815416623695e-27,multiplicacion
0.0007095761799585229,2.500956428027207e-08,1.8332953542047647e-14,1.0815023374755808e-13,-4.0486159242392434e-27,-1.578890254820952e-17,-2.607577564289064e-27,multiplicacion
0.000737733331746683,2.8388730460881245e-08,1.5570795100040278e-13,3.3093217908137213e-13,7.215441963184062e-26,5.5198241141985965e-17,2.090383197636711e-26,multiplicacion
0.0007169248515231416,2.6539826046454747e-08,2.1567854342526025e-14,5.548433362021923e-14,1.4521373244870666e-27,9.00093905893534e-18,1.2551031784557814e-27,multiplicacion
0.0007169248515231416,2.6539826046454747e-08,2.1567854342526025e-14,5.548433362021923e-14,1.4521373244870666e-27,9.00093905893534e-18,1.2551031784557814e-27,multiplicacion
0.0007261922628455428,2.6124352337425328e-08,8.196564136664122e-14,8.014036589844923e-14,6.060469185265091e-27,1.2082430593320593e-17,2.3363238042705165e-27,multiplicacion
0.0007572832595975687,3.0989291356038246e-08,2.4971162008639674e-13,8.39192365701549e-14,8.364552090032896e-27,5.3042819496990015e-18,-8.809815416623695e-27,multiplicacion
0.0007715849041597827,6.453687783361484e-08,3.3926009670757016e-13,8.736818248544318e-13,4.2924039705955345e-25,2.0397212347793132e-16,2.0495076497740755e-25,multiplicacion
0.0009377427537104648,5.2716217379891615e-09,3.1773629714893683e-13,1.0493766048194561e-12,5.42523769344035e-25,-4.5598953647967696e-17,-2.6987533342220387e-25,multiplicacion
0.0007095761799585229,2.500956428027207e-08,1.8332953542047647e-14,1.0815023374755808e-13,-4.0486159242392434e-27,-1.578890254820952e-17,-2.607577564289064e-27,multiplicacion
0.0007261922628455428,2.6124352337425328e-08,8.196564136664122e-14,8.014036589844923e-14,6.060469185265091e-27,1.2082430593320593e-17,2.3363238042705165e-27,multiplicacion
0.0007715849041597827,6.453687783361484e-08,3.3926009670757016e-13,8.736818248544318e-13,4.2924039705955345e-25,2.0397212347793132e-16,2.0495076497740755e-25,multiplicacion
0.000708790734336874,2.392164006775699e-08,1.6081885921204546e-15,1.0071112096373212e-14,-3.1544516608801386e-29,-1.274950321625357e-18,-2.544965846386572e-29,multiplicacion
0.0007715849041597827,6.453687783361484e-08,3.3926009670757016e-13,8.736818248544318e-13,4.2924039705955345e-25,2.0397212347793132e-16,2.0495076497740755e-25,multiplicacion
0.0007400960871647382,2.9221741473008955e-08,1.0992830101497494e-13,2.496514042027222e-13,4.134106813590555e-26,3.7328011856835185e-17,-1.1707693708194044e-27,multiplicacion
0.0007498219711137608,2.865524996195427e-08,1.5695038253124497e-15,4.455209706261007e-15,1.1414701724806944e-29,7.416834730878164e-19,-2.9150215751632918e-30,multiplicacion
0.0007400960871647382,2.9221741473008955e-08,1.0992830101497494e-13,2.496514042027222e-13,4.134106813590555e-26,3.7328011856835185e-17,-1.1707693708194044e-27,multiplicacion
0.0007715849041597827,6.453687783361484e-08,3.3926009670757016e-13,8.736818248544318e-13,4.2924039705955345e-25,2.0397212347793132e-16,2.0495076497740755e-25,multiplicacion
0.0007498219711137608,2.865524996195427e-08,1.5695038253124497e-15,4.455209706261007e-15,1.1414701724806944e-29,7.416834730878164e-19,-2.9150215751632918e-30,multiplicacion
0.000737733331746683,2.8388730460881245e-08,1.5570795100040278e-13,3.3093217908137213e-13,7.215441963184062e-26,5.5198241141985965e-17,2.090383197636711e-26,multiplicacion
